{
  "project_info": {
    "project_number": "438139142369",
    "firebase_url": "https://sentifire1.firebaseio.com",
    "project_id": "sentifire1",
    "storage_bucket": "sentifire1.appspot.com"
  },
  "client": [
    {
      "client_info": {
        "mobilesdk_app_id": "1:438139142369:android:5163cab5f8785843",
        "android_client_info": {
          "package_name": "com.sentisafe.testapp"
        }
      },
      "oauth_client": [
        {
          "client_id": "438139142369-f59a49siurk1s88331vvgd8lbafqi7ls.apps.googleusercontent.com",
          "client_type": 1,
          "android_info": {
            "package_name": "com.sentisafe.testapp",
            "certificate_hash": "8a1c443898259cd2bbedfbfa95b9d04c1876f1e2"
          }
        },
        {
          "client_id": "438139142369-n4nrngppd0e47dbp4sab9ckg3qpamflp.apps.googleusercontent.com",
          "client_type": 3
        }
      ],
      "api_key": [
        {
          "current_key": "AIzaSyCh30olhbIK6z8-_GefTKrbH1UxanPmOz4"
        }
      ],
      "services": {
        "analytics_service": {
          "status": 1
        },
        "appinvite_service": {
          "status": 2,
          "other_platform_oauth_client": [
            {
              "client_id": "438139142369-n4nrngppd0e47dbp4sab9ckg3qpamflp.apps.googleusercontent.com",
              "client_type": 3
            }
          ]
        },
        "ads_service": {
          "status": 2
        }
      }
    }
  ],
  "configuration_version": "1"
}